RK,TIERS,PLAYER NAME,TEAM,POS#,POS,BYE WEEK,SOS SEASON,ECR VS. ADP,AVG. POINTS ,% GAMES 
1,1,Christian McCaffrey,SF,RB1,RB,9,2,0,2.5,62% (10/16)
2,1,CeeDee Lamb,DAL,WR1,WR,7,3,1,3.8,50% (8/16)
3,1,Tyreek Hill,MIA,WR2,WR,6,2,-1,1.7,60% (9/15)
4,1,Ja'Marr Chase,CIN,WR3,WR,12,2,2,-0.8,33% (5/15)
5,1,Amon-Ra St. Brown,DET,WR4,WR,5,4,3,2,60% (9/15)
6,2,Breece Hall,NYJ,RB2,RB,12,2,-2,1.4,50% (8/16)
7,2,Justin Jefferson,MIN,WR5,WR,6,3,0,-0.5,55% (5/9)
8,2,Bijan Robinson,ATL,RB3,RB,12,4,-3,-2.5,37% (6/16)
9,2,A.J. Brown,PHI,WR6,WR,5,2,1,0.5,43% (7/16)
10,2,Garrett Wilson,NYJ,WR7,WR,12,4,2,-1.3,37% (6/16)
11,2,Jahmyr Gibbs,DET,RB4,RB,5,3,2,1.6,50% (7/14)
12,3,Puka Nacua,LAR,WR8,WR,6,3,2,2.9,62% (10/16)
13,3,Jonathan Taylor,IND,RB5,RB,14,2,-2,-0.1,44% (4/9)
14,3,Marvin Harrison Jr.,ARI,WR9,WR,11,3,2,-,-
15,3,Saquon Barkley,PHI,RB6,RB,5,4,-6,-0.9,38% (5/13)
16,3,Davante Adams,LV,WR10,WR,10,3,3,-0.8,37% (6/16)
17,3,Drake London,ATL,WR11,WR,12,4,8,0,40% (6/15)
18,3,Chris Olave,NO,WR12,WR,12,3,5,-0.3,53% (8/15)
19,3,Josh Allen,BUF,QB1,QB,12,1,3,2.1,62% (10/16)
20,4,Travis Etienne Jr.,JAC,RB7,RB,12,2,-2,0.7,56% (9/16)
21,4,Jaylen Waddle,MIA,WR13,WR,6,2,22,-0.6,35% (5/14)
22,4,Michael Pittman Jr.,IND,WR14,WR,14,4,13,1.3,60% (9/15)
23,4,Jalen Hurts,PHI,QB2,QB,5,2,9,0.6,68% (11/16)
24,4,Mike Evans,TB,WR15,WR,11,3,9,2.7,62% (10/16)
25,4,Cooper Kupp,LAR,WR16,WR,6,3,12,-1.8,41% (5/12)
26,4,Nico Collins,HOU,WR17,WR,14,3,3,2.6,50% (7/14)
27,4,Brandon Aiyuk,SF,WR18,WR,9,2,9,1.8,60% (9/15)
28,4,Sam LaPorta,DET,TE1,TE,5,3,-1,2.5,56% (9/16)
29,4,Kyren Williams,LAR,RB8,RB,6,3,-14,5.5,66% (8/12)
30,4,Patrick Mahomes II,KC,QB3,QB,6,3,-4,-3,18% (3/16)
31,4,Travis Kelce,KC,TE2,TE,6,3,-10,-2.2,26% (4/15)
32,4,Lamar Jackson,BAL,QB4,QB,14,4,7,0.3,50% (8/16)
33,4,Isiah Pacheco,KC,RB9,RB,6,3,-13,1.1,50% (7/14)
34,4,Deebo Samuel Sr.,SF,WR19,WR,9,2,-3,2,57% (8/14)
35,4,De'Von Achane,MIA,RB10,RB,6,3,-11,6.1,50% (5/10)
36,4,DJ Moore,CHI,WR20,WR,7,4,10,3,50% (8/16)
37,4,DeVonta Smith,PHI,WR21,WR,5,2,8,0.7,50% (8/16)
38,4,DK Metcalf,SEA,WR22,WR,10,3,3,0.9,46% (7/15)
39,5,Malik Nabers,NYG,WR23,WR,11,3,12,-,-
40,5,Derrick Henry,BAL,RB11,RB,14,3,-23,-0.5,56% (9/16)
41,5,Rachaad White,TB,RB12,RB,11,5,-7,1.2,62% (10/16)
42,5,Amari Cooper,CLE,WR24,WR,10,3,13,2.7,53% (8/15)
43,5,Alvin Kamara,NO,RB13,RB,12,5,-1,0.1,46% (6/13)
44,5,Stefon Diggs,HOU,WR25,WR,14,3,-4,-1.4,37% (6/16)
45,5,James Cook,BUF,RB14,RB,12,2,-15,0.9,50% (8/16)
46,5,Josh Jacobs,GB,RB15,RB,10,1,-18,-2.3,38% (5/13)
47,5,Anthony Richardson,IND,QB5,QB,14,5,5,-0.6,50% (2/4)
48,5,Trey McBride,ARI,TE3,TE,11,5,0,1.5,43% (7/16)
49,5,Tee Higgins,CIN,WR26,WR,12,2,14,-0.7,33% (4/12)
50,5,Zay Flowers,BAL,WR27,WR,14,3,10,-0.1,43% (7/16)
51,6,Joe Mixon,HOU,RB16,RB,14,3,-13,0.4,37% (6/16)
52,6,C.J. Stroud,HOU,QB6,QB,14,2,-3,2,42% (6/14)
53,6,Terry McLaurin,WAS,WR28,WR,14,3,23,-0.8,43% (7/16)
54,6,Kenneth Walker III,SEA,RB17,RB,10,4,-10,-0.4,42% (6/14)
55,6,George Pickens,PIT,WR29,WR,9,1,3,1.7,37% (6/16)
56,6,Christian Kirk,JAC,WR30,WR,12,4,16,-0.9,58% (7/12)
57,6,Rashee Rice,KC,WR31,WR,6,3,21,2.5,68% (11/16)
58,6,Kyler Murray,ARI,QB7,QB,11,2,13,2.1,71% (5/7)
59,6,Tank Dell,HOU,WR32,WR,14,3,5,3.1,54% (6/11)
60,6,Mark Andrews,BAL,TE4,TE,14,3,-13,0.3,50% (5/10)
61,6,Joe Burrow,CIN,QB8,QB,12,2,-4,-2.2,44% (4/9)
62,6,Chris Godwin,TB,WR33,WR,11,3,15,-0.1,31% (5/16)
63,6,Dak Prescott,DAL,QB9,QB,7,2,5,1.5,50% (8/16)
64,6,Keenan Allen,CHI,WR34,WR,7,4,9,2.6,46% (6/13)
65,6,James Conner,ARI,RB18,RB,11,2,-11,1.3,50% (6/12)
66,6,Dalton Kincaid,BUF,TE5,TE,12,2,-16,-1,31% (5/16)
67,6,Aaron Jones,MIN,RB19,RB,6,3,-11,-2.3,40% (4/10)
68,6,Diontae Johnson,CAR,WR35,WR,11,5,19,0,58% (7/12)
69,6,Rhamondre Stevenson,NE,RB20,RB,14,2,-4,-1.9,33% (4/12)
70,6,Jordan Love,GB,QB10,QB,10,5,-1,3.5,75% (12/16)
71,6,Calvin Ridley,TEN,WR36,WR,5,4,4,-0.5,37% (6/16)
72,6,David Montgomery,DET,RB21,RB,5,3,-11,2,61% (8/13)
73,7,Najee Harris,PIT,RB22,RB,9,4,-3,0,43% (7/16)
74,7,D'Andre Swift,CHI,RB23,RB,7,2,-15,-1.4,31% (5/16)
75,7,Jayden Daniels,WAS,QB11,QB,14,3,29,-,-
76,7,Brock Purdy,SF,QB12,QB,9,2,14,1.5,62% (10/16)
77,7,Zamir White,LV,RB24,RB,10,3,-11,-0.5,25% (4/16)
78,7,Evan Engram,JAC,TE6,TE,12,3,-11,0.8,43% (7/16)
79,7,Jayden Reed,GB,WR37,WR,10,4,2,3.6,66% (10/15)
80,7,Kyle Pitts,ATL,TE7,TE,12,3,-18,-0.6,31% (5/16)
81,7,Raheem Mostert,MIA,RB25,RB,6,3,-7,3.8,60% (9/15)
82,7,Javonte Williams,DEN,RB26,RB,14,4,2,-1.8,26% (4/15)
83,7,Jaxon Smith-Njigba,SEA,WR38,WR,10,3,18,-0.2,50% (8/16)
84,7,George Kittle,SF,TE8,TE,9,4,-31,1,50% (8/16)
85,7,Tony Pollard,TEN,RB27,RB,5,3,-6,-3.5,31% (5/16)
86,7,Jaylen Warren,PIT,RB28,RB,9,4,-3,0.4,43% (7/16)
87,7,Caleb Williams,CHI,QB13,QB,7,4,21,-,-
88,7,Tua Tagovailoa,MIA,QB14,QB,6,2,25,-1,37% (6/16)
89,7,Jared Goff,DET,QB15,QB,5,4,23,1.5,56% (9/16)
90,7,DeAndre Hopkins,TEN,WR39,WR,5,4,8,-0.2,37% (6/16)
91,7,Brian Robinson Jr.,WAS,RB29,RB,14,3,1,1.3,50% (7/14)
92,7,Jake Ferguson,DAL,TE9,TE,7,2,-10,0.4,50% (8/16)
93,7,Xavier Worthy,KC,WR40,WR,6,3,-2,-,-
94,7,Tyjae Spears,TEN,RB30,RB,5,3,1,0,43% (7/16)
95,7,Trevor Lawrence,JAC,QB16,QB,12,5,32,0,33% (5/15)
96,7,Devin Singletary,NYG,RB31,RB,11,3,-3,0.1,50% (8/16)
97,7,David Njoku,CLE,TE10,TE,10,3,-17,2.2,62% (10/16)
98,8,Rome Odunze,CHI,WR41,WR,7,4,1,-,-
99,8,Courtland Sutton,DEN,WR42,WR,14,2,18,0.7,66% (10/15)
100,8,Ladd McConkey,LAC,WR43,WR,5,3,-4,-,-
101,8,Jordan Addison,MIN,WR44,WR,6,3,5,1.3,37% (6/16)
102,8,Hollywood Brown,KC,WR45,WR,6,3,-2,-2.4,42% (6/14)
103,8,Christian Watson,GB,WR46,WR,10,4,-6,0.3,55% (5/9)
104,8,Brock Bowers,LV,TE11,TE,10,4,-10,-,-
105,8,Dallas Goedert,PHI,TE12,TE,5,4,0,0.2,30% (4/13)
106,8,Kirk Cousins,ATL,QB17,QB,12,3,35,1.5,62% (5/8)
107,8,Austin Ekeler,WAS,RB32,RB,14,3,-22,-3.6,38% (5/13)
108,8,Justin Herbert,LAC,QB18,QB,5,2,22,-0.4,61% (8/13)
109,8,Brian Thomas Jr.,JAC,WR47,WR,12,4,12,-,-
110,8,Chase Brown,CIN,RB33,RB,12,3,5,1.3,40% (4/10)
111,8,Zack Moss,CIN,RB34,RB,12,3,-22,2,46% (6/13)
112,8,Jonathon Brooks,CAR,RB35,RB,11,4,-26,-,-
113,8,Tyler Lockett,SEA,WR48,WR,10,3,22,-1.4,37% (6/16)
114,8,Matthew Stafford,LAR,QB19,QB,6,4,35,1.7,60% (9/15)
115,8,Pat Freiermuth,PIT,TE13,TE,9,3,17,-1.4,27% (3/11)
116,8,Jakobi Meyers,LV,WR49,WR,10,3,28,1.7,53% (8/15)
117,8,Dalton Schultz,HOU,TE14,TE,14,2,8,0.7,50% (7/14)
118,8,Jerome Ford,CLE,RB36,RB,10,4,-2,1.9,43% (7/16)
119,8,Jameson Williams,DET,WR50,WR,5,4,-1,1.2,58% (7/12)
120,8,Aaron Rodgers,NYJ,QB20,QB,12,2,17,-16,0% (0/1)
121,8,Keon Coleman,BUF,WR51,WR,12,2,-19,-,-
122,8,Deshaun Watson,CLE,QB21,QB,10,4,34,-1.5,66% (4/6)
123,8,Gus Edwards,LAC,RB37,RB,5,4,-12,2.6,56% (9/16)
124,8,Joshua Palmer,LAC,WR52,WR,5,3,29,1.3,33% (3/9)
125,8,Ezekiel Elliott,DAL,RB38,RB,7,3,-18,0.4,46% (7/15)
126,9,Nick Chubb,CLE,RB39,RB,10,4,-38,-5.1,0% (0/2)
127,9,Curtis Samuel,BUF,WR53,WR,12,2,9,0.9,53% (8/15)
128,9,T.J. Hockenson,MIN,TE15,TE,6,2,-9,0.9,40% (6/15)
129,9,Romeo Doubs,GB,WR54,WR,10,4,11,0.9,56% (9/16)
130,9,Geno Smith,SEA,QB22,QB,10,3,55,-1.3,40% (6/15)
131,9,Zach Charbonnet,SEA,RB40,RB,10,4,7,-1.1,40% (6/15)
132,9,Baker Mayfield,TB,QB23,QB,11,2,26,2.2,68% (11/16)
133,9,Rashid Shaheed,NO,WR55,WR,12,3,39,1.7,35% (5/14)
134,9,Khalil Shakir,BUF,WR56,WR,12,2,-5,1.6,50% (8/16)
135,9,Brandin Cooks,DAL,WR57,WR,7,3,25,0.7,46% (7/15)
136,9,Chuba Hubbard,CAR,RB41,RB,11,4,9,0.5,37% (6/16)
137,9,Mike Williams,NYJ,WR58,WR,12,4,10,2.1,66% (2/3)
138,9,Will Levis,TEN,QB24,QB,5,5,48,-1.6,30% (3/10)
139,9,Josh Downs,IND,WR59,WR,14,4,61,-0.2,37% (6/16)
140,9,Luke Musgrave,GB,TE16,TE,10,3,28,-0.4,40% (4/10)
141,9,Rico Dowdle,DAL,RB42,RB,7,3,7,0.1,33% (5/15)
142,9,Blake Corum,LAR,RB43,RB,6,3,-22,-,-
143,9,Antonio Gibson,NE,RB44,RB,14,2,21,0,53% (8/15)
144,9,Trey Benson,ARI,RB45,RB,11,2,-22,-,-
145,9,Jerry Jeudy,CLE,WR60,WR,10,3,-3,-2.4,26% (4/15)
146,9,Cole Kmet,CHI,TE17,TE,7,3,-12,1.1,50% (8/16)
147,9,Jaleel McLaughlin,DEN,RB46,RB,14,4,18,0.8,37% (6/16)
148,9,Ty Chandler,MIN,RB47,RB,6,3,7,0.2,31% (5/16)
149,9,Hunter Henry,NE,TE18,TE,14,3,50,0.8,42% (6/14)
150,9,Tyler Allgeier,ATL,RB48,RB,12,4,4,0.2,31% (5/16)
151,9,J.K. Dobbins,LAC,RB49,RB,5,4,-20,-1.7,0% (0/1)
152,9,Adam Thielen,CAR,WR61,WR,11,5,7,0.8,43% (7/16)
153,9,Dontayvion Wicks,GB,WR62,WR,10,4,21,1.3,71% (10/14)
154,9,Gabe Davis,JAC,WR63,WR,12,4,8,-0.1,43% (7/16)
155,9,Tyler Conklin,NYJ,TE19,TE,12,3,24,0.3,50% (8/16)
156,9,Daniel Jones,NYG,QB25,QB,11,2,104,-6.9,16% (1/6)
157,10,DeMario Douglas,NE,WR64,WR,14,3,32,0,53% (7/13)
158,10,Jahan Dotson,PHI,WR65,WR,5,2,35,-1.3,37% (6/16)
159,10,Baltimore Ravens,BAL,DST1,DST,14,2,-36,3.5,68% (11/16)
160,10,Derek Carr,NO,QB26,QB,12,4,30,-0.4,56% (9/16)
161,10,Cade Otton,TB,TE20,TE,11,3,79,0.2,50% (8/16)
162,10,Adonai Mitchell,IND,WR66,WR,14,4,7,-,-
163,10,Ja'Lynn Polk,NE,WR67,WR,14,3,20,-,-
164,10,Ray Davis,BUF,RB50,RB,12,2,51,-,-
165,10,Khalil Herbert,CHI,RB51,RB,7,2,33,0.2,27% (3/11)
166,10,MarShawn Lloyd,GB,RB52,RB,10,1,5,-,-
167,10,Bryce Young,CAR,QB27,QB,11,5,52,-2.3,20% (3/15)
168,10,Michael Wilson,ARI,WR68,WR,11,3,73,1.5,50% (6/12)
169,10,San Francisco 49ers,SF,DST2,DST,9,1,-59,1.4,50% (8/16)
170,10,New York Jets,NYJ,DST3,DST,12,1,-44,2.1,62% (10/16)
171,10,Darnell Mooney,ATL,WR69,WR,12,4,7,-1.8,33% (5/15)
172,10,Wan'Dale Robinson,NYG,WR70,WR,11,3,48,0.2,42% (6/14)
173,10,Dallas Cowboys,DAL,DST4,DST,7,4,-49,2.9,43% (7/16)
174,10,Cleveland Browns,CLE,DST5,DST,10,2,-46,2.3,68% (11/16)
175,10,Taysom Hill,NO,TE21,TE,12,4,20,1.8,53% (8/15)
176,10,Kendre Miller,NO,RB53,RB,12,5,12,-0.4,42% (3/7)
177,10,Rashod Bateman,BAL,WR71,WR,14,3,79,-1.2,33% (5/15)
178,10,Roschon Johnson,CHI,RB54,RB,7,2,43,-0.7,28% (4/14)
179,10,Jaylen Wright,MIA,RB55,RB,6,3,-16,-,-
180,10,Noah Fant,SEA,TE22,TE,10,3,51,-0.7,50% (8/16)
181,10,Xavier Legette,CAR,WR72,WR,11,5,-15,-,-
182,10,Sam Darnold,MIN,QB28,QB,6,5,46,-0.8,0% (0/3)
183,10,Pittsburgh Steelers,PIT,DST6,DST,9,4,-33,1,43% (7/16)
184,10,Kansas City Chiefs,KC,DST7,DST,6,2,-32,0.4,56% (9/16)
185,10,Chigoziem Okonkwo,TEN,TE23,TE,5,4,28,-0.7,25% (4/16)
186,10,Justin Tucker,BAL,K1,K,14,2,-83,2,56% (9/16)
187,10,Buffalo Bills,BUF,DST8,DST,12,2,-30,2.2,50% (8/16)
188,10,Marvin Mims Jr.,DEN,WR73,WR,14,2,39,-0.6,26% (4/15)
189,10,Bucky Irving,TB,RB56,RB,11,5,16,-,-
190,10,Brandon Aubrey,DAL,K2,K,7,2,-81,2.3,62% (10/16)
191,10,Juwan Johnson,NO,TE24,TE,12,4,95,0.5,38% (5/13)
192,10,Demarcus Robinson,LAR,WR74,WR,6,3,84,4.1,60% (6/10)
193,10,Harrison Butker,KC,K3,K,6,2,-79,0.6,43% (7/16)
194,10,Philadelphia Eagles,PHI,DST9,DST,5,3,-24,-1.1,37% (6/16)
195,10,Houston Texans,HOU,DST10,DST,14,2,-20,1.7,62% (10/16)
196,10,Jermaine Burton,CIN,WR75,WR,12,2,47,-,-
197,11,Braelon Allen,NYJ,RB57,RB,12,2,6,-,-
198,11,New Orleans Saints,NO,DST11,DST,12,5,-16,1.7,43% (7/16)
199,11,Jason Sanders,MIA,K4,K,6,2,-23,1.1,50% (8/16)
200,11,Bo Nix,DEN,QB29,QB,14,2,2,-,-
201,11,Isaiah Likely,BAL,TE25,TE,14,3,-24,1.1,37% (6/16)
202,11,Ricky Pearsall,SF,WR76,WR,9,2,36,-,-
203,11,Russell Wilson,PIT,QB30,QB,9,2,15,1,60% (9/15)
204,11,Quentin Johnston,LAC,WR77,WR,5,3,40,-1.5,31% (5/16)
205,11,Miami Dolphins,MIA,DST12,DST,6,2,-44,1.6,56% (9/16)
206,11,Ka'imi Fairbairn,HOU,K5,K,14,2,-63,2.5,72% (8/11)
207,11,Ben Sinnott,WAS,TE26,TE,14,2,2,-,-
208,11,Dameon Pierce,HOU,RB58,RB,14,3,34,-2.6,30% (4/13)
209,11,Elijah Mitchell,SF,RB59,RB,9,2,-12,-1.5,27% (3/11)
210,11,Jake Moody,SF,K6,K,9,1,-59,-0.2,37% (6/16)
211,11,Jake Elliott,PHI,K7,K,5,2,-72,1.3,56% (9/16)
212,11,Tyler Bass,BUF,K8,K,12,5,-39,0.1,43% (7/16)
213,11,Chicago Bears,CHI,DST13,DST,7,3,-33,1.1,50% (8/16)
214,11,Younghoe Koo,ATL,K9,K,12,0,-81,1,43% (7/16)
215,11,Tyler Boyd,TEN,WR78,WR,5,4,46,-0.4,37% (6/16)
216,11,Javon Baker,NE,WR79,WR,14,3,52,-,-
217,11,Jalin Hyatt,NYG,WR80,WR,11,3,62,-1.1,31% (5/16)
218,11,Elijah Moore,CLE,WR81,WR,10,3,123,-0.9,37% (6/16)
219,11,Darius Slayton,NYG,WR82,WR,11,3,68,1,43% (7/16)
220,11,Evan McPherson,CIN,K10,K,12,0,-74,0.7,50% (8/16)
221,11,Roman Wilson,PIT,WR83,WR,9,1,27,-,-
222,11,Alexander Mattison,LV,RB60,RB,10,3,30,-2.6,20% (3/15)
223,11,Mike Gesicki,CIN,TE27,TE,12,3,0,-0.4,43% (7/16)
224,11,Tucker Kraft,GB,TE28,TE,10,3,90,0.9,53% (8/15)
225,11,Kenneth Gainwell,PHI,RB61,RB,5,4,-3,-0.5,40% (6/15)
226,11,Kimani Vidal,LAC,RB62,RB,5,4,-20,-,-
227,11,Audric Estime,DEN,RB63,RB,14,4,36,-,-
228,11,Tyrone Tracy Jr.,NYG,RB64,RB,11,3,-17,-,-
229,11,Justice Hill,BAL,RB65,RB,14,3,25,1.1,40% (6/15)
230,11,Troy Franklin,DEN,WR84,WR,14,2,7,-,-
231,11,Matt Gay,IND,K11,K,14,5,-35,2,68% (11/16)
232,11,Clyde Edwards-Helaire,KC,RB66,RB,6,3,-16,-0.5,21% (3/14)
233,11,Malachi Corley,NYJ,WR85,WR,12,4,58,-,-
234,11,AJ Dillon,GB,RB67,RB,10,1,-1,-1.6,33% (5/15)
235,11,Jalen McMillan,TB,WR86,WR,11,3,46,-,-
236,11,Tank Bigsby,JAC,RB68,RB,12,2,21,-1.2,12% (2/16)
237,11,Justin Fields,PIT,QB31,QB,9,2,-33,0.4,50% (6/12)
238,11,Indianapolis Colts,IND,DST14,DST,14,4,-21,2,56% (9/16)
239,11,Kendrick Bourne,NE,WR87,WR,14,3,114,2.1,50% (4/8)
240,11,Drake Maye,NE,QB32,QB,14,3,9,-,-
241,11,Cameron Dicker,LAC,K12,K,5,3,-74,0.8,50% (8/16)
242,11,Michael Mayer,LV,TE29,TE,10,4,35,0.4,35% (5/14)
243,11,Zay Jones,ARI,WR88,WR,11,3,89,-0.7,37% (3/8)
244,11,Keaton Mitchell,BAL,RB69,RB,14,3,20,1.9,50% (3/6)
245,11,Miles Sanders,CAR,RB70,RB,11,4,65,-3.2,26% (4/15)
246,11,Dustin Hopkins,CLE,K13,K,10,2,-12,3.2,80% (12/15)
247,11,D'Onta Foreman,CLE,RB71,RB,10,4,-11,1.4,55% (5/9)
248,11,Jonnu Smith,MIA,TE30,TE,6,2,-47,0.6,43% (7/16)
249,11,DJ Chark Jr.,LAC,WR89,WR,5,3,66,1,35% (5/14)
250,12,Jamaal Williams,NO,RB72,RB,12,5,20,-2.3,16% (2/12)
251,12,Odell Beckham Jr.,MIA,WR90,WR,6,2,-4,-0.6,35% (5/14)
252,12,Cairo Santos,CHI,K14,K,7,5,-44,2.2,62% (10/16)
253,12,Andrei Iosivas,CIN,WR91,WR,12,2,85,0.7,50% (6/12)
254,12,Detroit Lions,DET,DST15,DST,5,0,-67,-0.1,43% (7/16)
255,12,Gardner Minshew II,LV,QB33,QB,10,2,16,1.4,50% (7/14)
256,12,Jason Myers,SEA,K15,K,10,5,-75,2,56% (9/16)
257,12,Jonathan Mingo,CAR,WR92,WR,11,5,117,-2.3,26% (4/15)
258,12,Zach Ertz,WAS,TE31,TE,14,2,-29,-0.6,57% (4/7)
259,12,Ja'Tavion Sanders,CAR,TE32,TE,11,3,-24,-,-
260,12,Luke McCaffrey,WAS,WR93,WR,14,3,42,-,-
261,12,Will Shipley,PHI,RB73,RB,5,4,4,-,-
262,12,Treylon Burks,TEN,WR94,WR,5,4,222,-3.3,10% (1/10)
263,12,Jordan Mason,SF,RB74,RB,9,2,46,0.4,30% (4/13)
264,12,Minnesota Vikings,MIN,DST16,DST,6,3,-38,1.4,50% (8/16)
265,12,Dylan Laube,LV,RB75,RB,10,3,30,-,-
266,12,Gerald Everett,CHI,TE33,TE,7,3,65,0.4,64% (9/14)
267,12,Samaje Perine,DEN,RB76,RB,14,4,15,-0.5,37% (6/16)
268,12,Dawson Knox,BUF,TE34,TE,12,2,-22,-1.8,27% (3/11)
269,12,Jacksonville Jaguars,JAC,DST17,DST,12,4,-37,0.7,50% (8/16)
270,12,A.T. Perry,NO,WR95,WR,12,3,73,-0.1,25% (2/8)
271,12,Greg Dortch,ARI,WR96,WR,11,3,4,0.6,26% (4/15)
272,12,Trey Sermon,IND,RB77,RB,14,2,22,-0.7,27% (3/11)
273,12,Josh Reynolds,DEN,WR97,WR,14,2,83,0.8,50% (8/16)
274,12,Cincinnati Bengals,CIN,DST18,DST,12,5,-82,0.8,50% (8/16)
275,12,Daniel Carlson,LV,K16,K,10,2,-68,0.3,50% (8/16)
276,12,Jalen Tolbert,DAL,WR98,WR,7,3,-2,-0.2,25% (4/16)
277,12,Alec Pierce,IND,WR99,WR,14,4,89,0.1,43% (7/16)
278,12,Jelani Woods,IND,TE35,TE,14,3,52,-,-
279,12,Cedric Tillman,CLE,WR100,WR,10,3,390,-0.6,25% (3/12)
280,12,K.J. Osborn,NE,WR101,WR,14,3,-8,-0.1,40% (6/15)
281,12,Greg Dulcich,DEN,TE36,TE,14,2,-14,-2.8,0% (0/2)
282,12,Trey Palmer,TB,WR102,WR,11,3,208,-0.1,37% (6/16)
283,12,Eric Gray,NYG,RB78,RB,11,3,-3,-0.7,12% (1/8)
284,12,Devontez Walker,BAL,WR103,WR,14,3,29,-,-
285,12,Evan Hull,IND,RB79,RB,14,2,634,-6,0% (0/1)
286,12,Colby Parkinson,LAR,TE37,TE,6,3,-20,0.5,43% (7/16)
287,12,Deuce Vaughn,DAL,RB80,RB,7,3,-2,-0.8,33% (2/6)
288,12,Green Bay Packers,GB,DST19,DST,10,1,-64,0.2,43% (7/16)
289,12,Cordarrelle Patterson,PIT,RB81,RB,9,4,133,-0.3,38% (5/13)
290,12,Greg Zuerlein,NYJ,K17,K,12,4,-96,2.4,66% (10/15)
291,12,Noah Brown,HOU,WR104,WR,14,3,97,2.1,50% (5/10)
292,12,Blake Grupe,NO,K18,K,12,4,-62,1.5,62% (10/16)
293,12,Michael Carter,ARI,RB82,RB,11,2,256,1.1,50% (7/14)
294,12,Aidan O'Connell,LV,QB34,QB,10,2,29,-0.6,33% (3/9)
295,12,Jacoby Brissett,NE,QB35,QB,14,3,183,-0.4,0% (0/3)
296,12,Tyler Higbee,LAR,TE38,TE,6,3,0,-0.4,33% (5/15)
297,12,Theo Johnson,NYG,TE39,TE,11,4,48,-,-
298,12,D'Ernest Johnson,JAC,RB83,RB,12,2,431,-0.4,43% (7/16)
299,13,Kadarius Toney,KC,WR105,WR,6,3,-21,-2.4,23% (3/13)
300,13,Emari Demercado,ARI,RB84,RB,11,2,307,1.2,46% (6/13)
301,13,Chris Rodriguez Jr.,WAS,RB85,RB,14,3,370,0.5,33% (4/12)
302,13,Brenden Rice,LAC,WR106,WR,5,3,-10,-,-
303,13,Denver Broncos,DEN,DST20,DST,14,3,-64,1.2,56% (9/16)
304,13,Pierre Strong Jr.,CLE,RB86,RB,10,4,246,0.5,56% (9/16)
305,13,Chase Edmonds,TB,RB87,RB,11,5,322,-1.2,25% (3/12)
306,13,Isaac Guerendo,SF,RB88,RB,9,2,-3,-,-
307,13,Israel Abanikanda,NYJ,RB89,RB,12,2,217,0.2,42% (3/7)
308,13,Jeff Wilson Jr.,MIA,RB90,RB,6,3,32,-1,22% (2/9)
309,13,Jacob Cowing,SF,WR107,WR,9,2,214,-,-
310,13,Robert Woods,HOU,WR108,WR,14,3,113,-1.9,21% (3/14)
311,13,Deneric Prince,KC,RB91,RB,6,3,5,-,-
312,13,New England Patriots,NE,DST21,DST,14,2,-87,0.3,50% (8/16)
313,13,Hayden Hurst,LAC,TE40,TE,5,3,-40,-1.1,22% (2/9)
314,13,Tutu Atwell,LAR,WR109,WR,6,3,169,-0.5,46% (7/15)
315,13,Tyler Scott,CHI,WR110,WR,7,4,63,-0.7,37% (6/16)
316,13,Cam Akers,HOU,RB92,RB,14,3,-19,-0.5,42% (3/7)
317,13,Las Vegas Raiders,LV,DST22,DST,10,3,-107,2.6,56% (9/16)
318,13,Daniel Bellinger,NYG,TE41,TE,11,4,-28,0.1,50% (8/16)
319,13,Isaiah Spiller,LAC,RB93,RB,5,4,476,-1,18% (2/11)
320,13,Ronnie Rivers,LAR,RB94,RB,6,3,347,-1.8,25% (2/8)
321,13,Michael Penix Jr.,ATL,QB36,QB,12,3,-52,-,-
322,13,Royce Freeman,DAL,RB95,RB,7,3,382,-0.8,18% (2/11)
323,13,Tim Patrick,DEN,WR111,WR,14,2,10,-,-
324,13,Kalif Raymond,DET,WR112,WR,5,4,128,0.8,43% (7/16)
325,13,Rasheen Ali,BAL,RB96,RB,14,3,72,-,-
326,13,Kareem Hunt,FA,RB97,RB,-1,-1,-14,0.8,57% (8/14)
327,13,Van Jefferson,PIT,WR113,WR,9,1,111,-2.2,12% (2/16)
328,13,Jerick McKinnon,FA,RB98,RB,-1,-1,277,-0.1,33% (4/12)
329,13,Salvon Ahmed,FA,RB99,RB,-1,-1,251,1.1,50% (4/8)
330,13,Ty Johnson,BUF,RB100,RB,12,2,210,0,30% (3/10)
331,13,Nelson Agholor,BAL,WR114,WR,14,3,141,0.9,50% (8/16)
332,13,Tre Tucker,LV,WR115,WR,10,3,-43,1.3,50% (7/14)
333,13,Michael Thomas,FA,WR116,WR,-1,-1,-,-1.8,30% (3/10)
334,13,Jauan Jennings,SF,WR117,WR,9,2,-17,-0.6,38% (5/13)
335,13,Sam Howell,SEA,QB37,QB,10,3,161,0.8,62% (10/16)
336,13,Malik Washington,MIA,WR118,WR,6,2,-28,-,-
337,13,Allen Lazard,NYJ,WR119,WR,12,4,-10,-2,21% (3/14)
338,13,Calvin Austin III,PIT,WR120,WR,9,1,-12,-0.4,25% (4/16)
339,13,Bo Melton,GB,WR121,WR,10,4,54,6.5,66% (2/3)
340,13,Marquez Valdes-Scantling,BUF,WR122,WR,12,2,236,-2,6% (1/16)
341,13,Donald Parham Jr.,LAC,TE42,TE,5,3,233,0.6,28% (4/14)
342,14,Kylen Granson,IND,TE43,TE,14,3,-7,0,35% (5/14)
343,14,Xavier Gipson,NYJ,WR123,WR,12,4,330,0.3,58% (7/12)
344,14,Joe Flacco,IND,QB38,QB,14,5,-7,8.7,100% (5/5)
345,14,Dyami Brown,WAS,WR124,WR,14,3,2,-0.4,25% (4/16)
346,14,Joshua Kelley,NYG,RB101,RB,11,3,399,-1.8,12% (2/16)
347,14,Will Dissly,LAC,TE44,TE,5,3,223,-0.6,33% (5/15)
348,14,Jordan Whittington,LAR,WR125,WR,6,3,-55,-,-
349,14,Noah Gray,KC,TE45,TE,6,3,-44,0.8,56% (9/16)
350,14,Drew Lock,NYG,QB39,QB,11,2,36,0.5,25% (1/4)
351,14,Jake Bates,DET,K19,K,5,2,-101,-,-
352,14,Jameis Winston,CLE,QB40,QB,10,4,38,0.9,33% (1/3)
353,14,Donovan Peoples-Jones,DET,WR126,WR,5,4,-33,-2,21% (3/14)
354,14,Dalvin Cook,FA,RB102,RB,-1,-1,-92,-3.1,0% (0/16)
355,14,Erick All Jr.,CIN,TE46,TE,12,3,596,-,-
356,14,Parris Campbell,PHI,WR127,WR,5,2,15,-1.3,16% (2/12)
357,14,Jarrett Stidham,DEN,QB41,QB,14,2,61,-0.6,0% (0/4)
358,14,Jalen Nailor,MIN,WR128,WR,6,3,98,-0.7,20% (1/5)
359,14,Tampa Bay Buccaneers,TB,DST23,DST,11,4,-175,0.7,37% (6/16)
360,14,Jawhar Jordan,HOU,RB103,RB,14,3,487,-,-
361,14,Matt Breida,SF,RB104,RB,9,2,186,-1.6,18% (3/16)
362,14,Johnny Wilson,PHI,WR129,WR,5,2,0,-,-
363,14,Tanner Hudson,CIN,TE47,TE,12,3,39,0.6,50% (6/12)
364,14,Justin Watson,KC,WR130,WR,6,3,-46,1,60% (9/15)
365,14,John Metchie III,HOU,WR131,WR,14,3,4,-1.2,33% (5/15)
366,14,Nyheim Hines,CLE,RB105,RB,10,4,263,-,-
367,14,Ray-Ray McCloud III,ATL,WR132,WR,12,4,171,0.1,44% (4/9)
368,14,Skyy Moore,KC,WR133,WR,6,3,-34,-2.2,7% (1/14)
369,14,Logan Thomas,SF,TE48,TE,9,4,313,0.2,40% (6/15)
370,14,Craig Reynolds,DET,RB106,RB,5,3,104,-0.1,36% (4/11)
371,14,Brevin Jordan,HOU,TE49,TE,14,2,-8,1.3,53% (7/13)
372,14,Cedrick Wilson Jr.,NO,WR134,WR,12,3,263,0.6,57% (8/14)
373,14,Wil Lutz,DEN,K20,K,14,2,-115,0.9,56% (9/16)
374,14,JuJu Smith-Schuster,FA,WR135,WR,-1,-1,-15,-2.1,27% (3/11)
375,14,Brandon Powell,MIN,WR136,WR,6,3,7,0,31% (5/16)
376,14,Jaret Patterson,LAC,RB107,RB,5,4,395,-,-
377,14,Cade Stover,HOU,TE50,TE,14,2,-31,-,-
378,14,Isaiah Davis,NYJ,RB108,RB,12,2,470,-,-
379,14,Seattle Seahawks,SEA,DST24,DST,10,4,-165,0.3,50% (8/16)
380,14,Keaontay Ingram,KC,RB109,RB,6,3,-16,-2.9,20% (2/10)
381,14,Hunter Renfrow,FA,WR137,WR,-1,-1,-,-1.3,37% (6/16)
382,14,Jake Browning,CIN,QB42,QB,12,2,14,2.8,44% (4/9)
383,14,Davis Allen,LAR,TE51,TE,6,3,21,0.9,33% (3/9)
384,14,New York Giants,NYG,DST25,DST,11,3,-131,0.9,50% (8/16)
385,14,Jeremy Ruckert,NYJ,TE52,TE,12,3,226,-0.1,26% (4/15)
386,14,Parker Washington,JAC,WR138,WR,12,4,156,-1.8,20% (1/5)
387,14,Johnny Mundt,MIN,TE53,TE,6,2,148,0.6,50% (8/16)
388,14,Josh Oliver,MIN,TE54,TE,6,2,-8,0.3,43% (7/16)
389,14,Austin Hooper,NE,TE55,TE,14,3,-5,-1,31% (5/16)
390,14,Atlanta Falcons,ATL,DST26,DST,12,4,-178,-0.4,43% (7/16)
391,14,Mack Hollins,BUF,WR139,WR,12,2,150,-0.2,44% (4/9)
392,14,Ameer Abdullah,LV,RB110,RB,10,3,111,-0.6,31% (5/16)
393,14,Kyle Juszczyk,SF,RB111,RB,9,2,-89,0.4,31% (5/16)
394,14,Tommy Tremble,CAR,TE56,TE,11,3,100,0.7,46% (7/15)
395,14,Kenny Pickett,PHI,QB43,QB,5,2,-70,-4.7,16% (2/12)
396,14,Kevin Harris,NE,RB112,RB,14,2,61,1,50% (2/4)
397,14,Los Angeles Rams,LAR,DST27,DST,6,2,-138,-1.3,25% (4/16)
398,14,Chris Boswell,PIT,K21,K,9,4,-115,1.1,56% (9/16)
399,14,Trayveon Williams,CIN,RB113,RB,12,3,243,-1.1,12% (2/16)
400,14,Jaheim Bell,NE,TE57,TE,14,3,210,-,-
401,14,Blake Watson,DEN,RB114,RB,14,4,-,-,-
402,14,KaVontae Turpin,DAL,WR140,WR,7,3,57,1.8,46% (7/15)
403,14,Nick Mullens,MIN,QB44,QB,6,5,107,1.4,50% (3/6)
404,14,Trenton Irwin,CIN,WR141,WR,12,2,71,0.2,40% (6/15)
405,14,Josh Whyle,TEN,TE58,TE,5,4,265,-0.3,27% (3/11)
406,14,Darnell Washington,PIT,TE59,TE,9,3,-62,-0.8,37% (6/16)
407,14,Sean Tucker,TB,RB115,RB,11,5,155,-2.3,0% (0/7)
408,14,Kenny McIntosh,SEA,RB116,RB,10,4,191,-1.4,0% (0/1)
409,14,Los Angeles Chargers,LAC,DST28,DST,5,5,-218,0.1,43% (7/16)
410,15,Brandon McManus,FA,K22,K,-1,-1,-104,1.1,56% (9/16)
411,15,Joshua Karty,LAR,K23,K,6,1,-123,-,-
412,15,Ainias Smith,PHI,WR142,WR,5,2,-61,-,-
413,15,Tyrod Taylor,NYJ,QB45,QB,12,2,88,-0.4,28% (2/7)
414,15,Adam Trautman,DEN,TE60,TE,14,2,-1,-0.6,31% (5/16)
415,15,Cam Little,JAC,K24,K,12,5,-114,-,-
416,15,Latavius Murray,FA,RB117,RB,-1,-1,-,-0.1,50% (8/16)
417,15,Greg Joseph,GB,K25,K,10,5,-96,-0.4,37% (6/16)
418,15,Olamide Zaccheaus,WAS,WR143,WR,14,3,153,0,18% (3/16)
419,15,Xavier Hutchinson,HOU,WR144,WR,14,3,176,-0.4,33% (5/15)
420,15,Chase McLaughlin,TB,K26,K,11,3,-113,0.6,56% (9/16)
421,15,Matt Prater,ARI,K27,K,11,2,-48,1.1,50% (8/16)
422,15,Jase McClellan,ATL,RB118,RB,12,4,255,-,-
423,15,Carolina Panthers,CAR,DST29,DST,11,4,-8,-1.6,31% (5/16)
424,15,Jake Bobo,SEA,WR145,WR,10,3,-102,1.2,53% (8/15)
425,15,Malik Davis,DAL,RB119,RB,7,3,129,-3.5,0% (0/1)
426,15,Washington Commanders,WAS,DST30,DST,14,5,-181,-2.5,43% (7/16)
427,15,Tyquan Thornton,NE,WR146,WR,14,3,364,-2.1,20% (2/10)
428,15,Foster Moreau,NO,TE61,TE,12,4,144,0.5,50% (7/14)
429,15,Carson Steele,KC,RB120,RB,6,3,-44,-,-
430,15,Anders Carlson,GB,K28,K,10,5,-130,0.4,50% (8/16)
431,15,Joshua Dobbs,SF,QB46,QB,9,2,-70,0.7,58% (7/12)
432,15,Sione Vaki,DET,RB121,RB,5,3,39,-,-
433,15,Cole Turner,WAS,TE62,TE,14,2,473,0.1,40% (4/10)
434,15,Jamison Crowder,WAS,WR147,WR,14,3,250,0.8,14% (2/14)
435,15,Will Reichard,MIN,K29,K,6,5,-184,-,-
436,15,Ryan Flournoy,DAL,WR148,WR,7,3,409,-,-
437,15,Eddy Pineiro,CAR,K30,K,11,3,6,0,43% (7/16)
438,15,Graham Gano,NYG,K31,K,11,1,-139,-0.6,37% (3/8)
439,15,Tyler Goodson,IND,RB122,RB,14,2,221,1,50% (2/4)
440,15,Mac Jones,JAC,QB47,QB,12,5,-9,-2.5,18% (2/11)
441,15,KhaDarel Hodge,ATL,WR149,WR,12,4,270,0.4,43% (7/16)
442,15,Spencer Rattler,NO,QB48,QB,12,4,-65,-,-
443,15,Chris Moore,ARI,WR150,WR,11,3,246,0,37% (6/16)
444,15,Will Mallory,IND,TE63,TE,14,3,77,0.8,45% (5/11)
445,15,Charlie Jones,CIN,WR151,WR,12,2,24,-0.9,0% (0/5)
446,15,Jalen Brooks,DAL,WR152,WR,7,3,35,0.2,33% (1/3)
447,15,Luke Schoonmaker,DAL,TE64,TE,7,2,-79,0,31% (5/16)
448,15,Braxton Berrios,MIA,WR153,WR,6,2,-124,-1.4,13% (2/15)
449,15,Nick Westbrook-Ikhine,TEN,WR154,WR,5,4,206,0.3,42% (6/14)
450,15,Alec Ingold,MIA,RB123,RB,6,3,55,0.1,43% (7/16)
451,15,Durham Smythe,MIA,TE65,TE,6,2,-123,0.2,53% (8/15)
452,15,Cody Schrader,SF,RB124,RB,9,2,193,-,-
453,15,Casey Washington,ATL,WR155,WR,12,4,162,-,-
454,15,Mo Alie-Cox,IND,TE66,TE,14,3,-87,0.3,37% (6/16)
455,15,Boston Scott,LAR,RB125,RB,6,3,183,-0.5,21% (3/14)
456,15,Terrace Marshall Jr.,CAR,WR156,WR,11,5,304,-1.7,22% (2/9)
457,15,Emanuel Wilson,GB,RB126,RB,10,1,57,0.3,33% (3/9)
458,15,Isaiah Hodgins,NYG,WR157,WR,11,3,110,-0.6,37% (6/16)
459,15,Kene Nwangwu,MIN,RB127,RB,6,3,-60,-1.1,20% (1/5)
460,15,Frank Gore Jr.,BUF,RB128,RB,12,2,91,-,-
461,15,Robert Tonyan,MIN,TE67,TE,6,2,241,-0.4,31% (5/16)
462,15,Lucas Krull,DEN,TE68,TE,14,2,129,1.5,25% (1/4)
463,15,Dillon Johnson,FA,RB129,RB,-1,-1,-,-,-
464,15,Jared Wiley,KC,TE69,TE,6,3,-15,-,-
465,15,Carson Wentz,KC,QB49,QB,6,3,-117,-,-
466,15,Quez Watkins,PIT,WR158,WR,9,1,113,-0.9,22% (2/9)
467,15,Andy Dalton,CAR,QB50,QB,11,5,-50,3.1,33% (1/3)
468,15,Marcus Mariota,WAS,QB51,QB,14,3,99,-0.5,0% (0/3)
469,15,Riley Patterson,FA,K32,K,-1,-1,-133,-1.5,33% (5/15)
470,15,Jamari Thrash,CLE,WR159,WR,10,3,208,-,-
471,15,Kendall Milton,PHI,RB130,RB,5,4,-,-,-
472,15,Mecole Hardman Jr.,KC,WR160,WR,6,3,-112,-2,0% (0/10)
473,15,Isaiah McKenzie,NYG,WR161,WR,11,3,222,-1.2,23% (3/13)
474,15,Irv Smith Jr.,KC,TE70,TE,6,3,11,-1.6,15% (2/13)
475,15,Dare Ogunbowale,HOU,RB131,RB,14,3,62,-0.4,28% (2/7)
476,15,Bub Means,NO,WR162,WR,12,3,478,-,-
477,15,Josh Johnson,BAL,QB52,QB,14,4,30,-,-
478,15,Ian Thomas,CAR,TE71,TE,11,3,228,-0.7,15% (2/13)
479,15,Patrick Ricard,BAL,RB132,RB,14,3,-16,0.3,25% (4/16)
480,15,Brock Wright,DET,TE72,TE,5,3,-123,0,42% (6/14)
481,15,DeeJay Dallas,ARI,RB133,RB,11,2,53,-1.4,6% (1/15)
482,15,Zach Evans,LAR,RB134,RB,6,3,115,-1,33% (1/3)
483,15,Justyn Ross,KC,WR163,WR,6,3,15,-1,14% (1/7)
484,15,Zach Wilson,DEN,QB53,QB,14,2,-130,-2.2,27% (3/11)
485,15,Kyle Philips,TEN,WR164,WR,5,4,-,-0.2,37% (3/8)
486,15,Desmond Ridder,ARI,QB54,QB,11,2,288,0.2,41% (5/12)
487,15,James Robinson,NO,RB135,RB,12,5,252,-0.1,0% (0/1)
488,15,Devin Duvernay,JAC,WR165,WR,12,4,164,-0.6,16% (2/12)
489,15,Mike White,MIA,QB55,QB,6,2,-91,1.6,33% (1/3)
490,15,Jimmy Garoppolo,LAR,QB56,QB,6,4,-132,-2.7,33% (2/6)
491,15,Trent Sherfield Sr.,MIN,WR166,WR,6,3,115,-1.1,18% (3/16)
492,15,Raheem Blackshear,CAR,RB136,RB,11,4,128,-0.2,50% (5/10)
493,15,Harrison Bryant,LV,TE73,TE,10,4,160,0.5,25% (4/16)
494,16,Leonard Fournette,FA,RB137,RB,-1,-1,36,-0.6,0% (0/5)
495,16,Cornelius Johnson,LAC,WR167,WR,5,3,461,-,-
496,16,Julius Chestnut,TEN,RB138,RB,5,3,305,-0.9,0% (0/3)
497,16,David Bell,CLE,WR168,WR,10,3,89,0.1,28% (4/14)
498,16,AJ Barner,SEA,TE74,TE,10,3,34,-,-
499,16,Derius Davis,LAC,WR169,WR,5,3,321,-0.5,40% (6/15)
500,16,Elijah Higgins,ARI,TE75,TE,11,5,-106,1.1,44% (4/9)
501,16,Daurice Fountain,DET,WR170,WR,5,4,202,-,-
502,16,Laviska Shenault Jr.,SEA,WR171,WR,10,3,102,-1.5,12% (1/8)
503,16,MyCole Pruitt,PIT,TE76,TE,9,3,-79,0.5,37% (6/16)
504,16,Chris Brooks,MIA,RB139,RB,6,3,56,0.9,60% (3/5)
505,16,Drew Sample,CIN,TE77,TE,12,3,70,0.9,56% (9/16)
506,16,Nick Folk,TEN,K33,K,5,5,-117,0.5,50% (8/16)
507,16,Michael Wiley,WAS,RB140,RB,14,3,-101,-,-
508,16,Easton Stick,LAC,QB57,QB,5,2,58,1.6,66% (2/3)
509,16,Connor Heyward,PIT,TE78,TE,9,3,-160,-0.6,37% (6/16)
510,16,Pharaoh Brown,SEA,TE79,TE,10,3,-31,0.6,31% (5/16)
511,16,Keilan Robinson,JAC,RB141,RB,12,2,168,-,-
512,16,Jeremy McNichols,WAS,RB142,RB,14,3,344,-,-
513,16,Joe Milton III,NE,QB58,QB,14,3,-161,-,-
514,16,Jalen Guyton,LV,WR172,WR,10,3,209,-1.9,12% (1/8)
515,16,Michael Burton,DEN,RB143,RB,14,4,172,-0.2,31% (5/16)
516,16,C.J. Ham,MIN,RB144,RB,6,3,-48,-0.4,31% (5/16)
517,16,Mason Rudolph,TEN,QB59,QB,5,5,42,3,50% (1/2)
518,16,Stephen Sullivan,FA,TE80,TE,-1,-1,-,-0.1,36% (4/11)
519,16,Allen Robinson II,NYG,WR173,WR,11,3,73,-1.2,31% (5/16)
520,16,Jordan Akins,CLE,TE81,TE,10,3,25,-0.2,37% (6/16)
521,16,Anthony Gould,IND,WR174,WR,14,4,431,-,-
522,16,Tip Reiman,ARI,TE82,TE,11,5,158,-,-
523,16,Charlie Woerner,ATL,TE83,TE,12,3,357,-0.5,0% (0/9)
524,16,Dallin Holker,NO,TE84,TE,12,4,272,-,-
525,16,Brenton Strange,JAC,TE85,TE,12,3,289,-0.2,13% (2/15)
526,16,Payne Durham,TB,TE86,TE,11,3,296,-0.3,27% (3/11)
527,16,Jason Brownlee,NYJ,WR175,WR,12,4,401,0.5,60% (3/5)
528,16,Daijun Edwards,PIT,RB145,RB,9,4,-,-,-
529,16,Avery Williams,ATL,RB146,RB,12,4,356,-,-
530,16,Devaughn Vele,DEN,WR176,WR,14,2,-44,-,-
531,16,Tommy DeVito,NYG,QB60,QB,11,2,-189,-0.4,50% (3/6)
